nation_number	attribute	raw_value	end
5	95	431	
5	90	1076	
5	91	201	
5	92	15	
5	93	199	
5	94	15	
5	74	1076	
5	76	201	
5	80	10	
5	77	199	
5	81	10	
5	84	50	
5	85	10	
5	75	3197	
5	78	1077	
5	82	10	
5	79	1082	
5	83	10	
5	138	6	
5	52	75	
5	52	74	
5	52	73	
5	134	250	
5	137	1	
5	289	3	
5	289	10	
5	198	50	
5	199	5	
5	139	954	
5	140	1073	
5	141	1089	
5	347	50	
5	348	15	
5	349	1072	
5	351	1	
5	353	3	
5	314	600	
5	314	602	
5	314	1230	
5	314	1343	
5	314	2783	
5	314	3053	
5	314	3203	
5	314	3205	
5	314	3208	
5	314	3209	
5	314	3368	
6	95	426	
6	90	671	
6	91	1100	
6	92	15	
6	93	1103	
6	94	10	
6	74	671	
6	76	1100	
6	80	10	
6	77	1101	
6	81	10	
6	84	1102	
6	85	10	
6	75	1110	
6	78	1103	
6	82	10	
6	138	2	
6	52	77	
6	289	3	
6	289	10	
6	198	50	
6	199	50	
6	139	1586	
6	140	1587	
6	141	3123	
6	347	50	
6	348	15	
6	349	671	
6	351	2	
6	353	13	
6	354	1	
6	314	874	
6	314	1343	
6	314	2463	
7	95	2279	
7	90	1158	
7	91	1162	
7	92	15	
7	93	1152	
7	94	10	
7	74	1158	
7	76	1162	
7	80	10	
7	77	1153	
7	81	10	
7	75	1160	
7	78	1152	
7	82	10	
7	298	1162	
7	298	1152	
7	298	1153	
7	298	1155	
7	299	2279	
7	299	1158	
7	299	1160	
7	294	1162	
7	294	1152	
7	294	1153	
7	294	1154	
7	295	2279	
7	295	1158	
7	295	1160	
7	58	1	
7	289	1	
7	289	2	
7	289	10	
7	319	25	
7	340	422	
7	340	421	
7	138	11	
7	52	82	
7	52	83	
7	136	25	
7	139	1582	
7	140	1583	
7	141	1584	
7	347	1162	
7	348	10	
7	349	1158	
7	270	78	
7	270	79	
7	270	25	
7	314	266	
7	314	550	
7	314	606	
7	314	1230	
7	314	1340	
7	314	1370	
7	314	2234	
8	95	1209	
8	90	1215	
8	91	1212	
8	92	15	
8	93	1213	
8	94	15	
8	74	1215	
8	76	1211	
8	80	10	
8	77	1212	
8	81	10	
8	84	1213	
8	85	10	
8	75	1206	
8	78	1214	
8	82	10	
8	133	200	
8	132	1	
8	138	10	
8	52	91	
8	289	2	
8	289	10	
8	198	50	
8	139	1588	
8	140	1843	
8	141	1849	
8	347	1211	
8	348	15	
8	349	1206	
8	314	266	
8	314	779	
8	314	1378	
8	314	2450	
8	314	2784	
8	314	2230	
8	314	2930	
8	314	3079	
8	314	3080	
8	314	3081	
8	314	3082	
9	95	426	
9	90	1169	
9	91	1184	
9	92	15	
9	93	1167	
9	94	10	
9	74	1169	
9	76	1184	
9	80	10	
9	77	1168	
9	81	10	
9	75	1174	
9	78	1167	
9	82	10	
9	132	1	
9	126	1	
9	138	11	
9	52	84	
9	52	85	
9	52	125	
9	52	4	
9	289	3	
9	289	10	
9	270	42	
9	139	1228	
9	140	1589	
9	141	1795	
9	347	1184	
9	348	10	
9	349	1188	
9	314	157	
9	314	266	
10	95	426	
10	90	927	
10	91	794	
10	92	15	
10	93	797	
10	94	15	
10	74	1665	
10	76	794	
10	80	10	
10	77	796	
10	81	10	
10	84	797	
10	85	10	
10	75	806	
10	78	795	
10	82	10	
10	138	15	
10	52	53	
10	52	54	
10	289	4	
10	289	10	
10	319	75	
10	139	942	
10	140	943	
10	141	944	
10	353	12	
10	354	1	
10	347	797	
10	348	10	
10	349	806	
10	314	1345	
10	314	2457	
10	314	2556	
10	314	3060	
10	314	3088	
11	95	2288	
11	90	2289	
11	91	2299	
11	92	15	
11	93	2300	
11	94	15	
11	74	2290	
11	76	2299	
11	80	10	
11	77	2298	
11	81	20	
11	84	2300	
11	85	10	
11	75	2291	
11	78	2304	
11	82	10	
11	58	-2	
11	138	16	
11	52	153	
11	52	154	
11	289	7	
11	289	10	
11	270	80	
11	139	952	
11	140	953	
11	141	946	
11	142	1426	
11	143	1706	
11	347	2299	
11	348	15	
11	349	2290	
11	314	216	
11	314	957	
11	314	1025	
11	314	1346	
11	314	2426	
11	314	2427	
11	314	2787	
11	314	2790	
11	314	2792	
11	314	2958	
12	95	729	
12	90	730	
12	91	721	
12	92	20	
12	93	722	
12	94	15	
12	74	730	
12	76	721	
12	80	20	
12	77	722	
12	81	10	
12	75	731	
12	78	727	
12	82	10	
12	139	933	
12	140	936	
12	131	1	
12	132	1	
12	169	1	
12	58	-1	
12	207	1	
12	319	75	
12	337	2	
12	330	1	
12	350	1	
12	138	14	
12	52	30	
12	52	31	
12	52	32	
12	52	33	
12	289	6	
12	289	10	
12	347	721	
12	348	15	
12	349	730	
12	270	82	
12	351	0	
12	353	11	
12	354	11	
12	314	857	
12	314	858	
12	314	2442	
13	274	1	
13	311	15	
13	312	15	
13	372	15	
13	279	64	
13	95	429	
13	90	119	
13	91	81	
13	92	10	
13	93	82	
13	94	10	
13	74	119	
13	76	81	
13	80	5	
13	77	82	
13	81	5	
13	75	1698	
13	78	82	
13	82	10	
13	132	1	
13	58	-3	
13	47	3	
13	207	1	
13	200	1	
13	319	50	
13	330	2	
13	338	1	
13	138	0	
13	52	119	
13	52	120	
13	170	1	
13	359	1	
13	360	1	
13	289	7	
13	289	10	
13	139	1667	
13	271	25	
13	347	1661	
13	348	6	
13	349	1698	
13	314	216	
13	314	486	
13	314	655	
13	314	1025	
13	314	2792	
14	279	4194320	
14	95	484	
14	90	1288	
14	91	2566	
14	92	15	
14	93	2565	
14	94	15	
14	74	1288	
14	76	2564	
14	80	10	
14	77	2565	
14	81	10	
14	75	2557	
14	78	1278	
14	82	15	
14	79	419	
14	83	1	
14	58	2	
14	46	1	
14	313	2562	
14	364	1	
14	138	7	
14	52	94	
14	52	168	
14	52	169	
14	289	5	
14	289	8	
14	289	10	
14	270	34	
14	139	1674	
14	140	2577	
14	347	2565	
14	348	10	
14	349	1288	
14	314	2552	
14	314	2578	
14	314	2785	
15	279	32	
15	379	1	
15	95	510	
15	90	163	
15	91	167	
15	92	15	
15	93	166	
15	94	10	
15	74	163	
15	76	168	
15	80	10	
15	77	166	
15	81	20	
15	75	162	
15	78	171	
15	82	10	
15	79	166	
15	83	10	
15	139	379	
15	140	1660	
15	141	1708	
15	142	635	
15	58	-2	
15	340	424	
15	138	5	
15	52	9	
15	289	7	
15	289	10	
15	198	50	
15	340	571	
15	347	167	
15	348	6	
15	349	162	
15	314	320	
15	314	1349	
15	314	2205	
15	314	2445	
15	314	2793	
15	314	2799	
16	279	128	
16	95	430	
16	90	1534	
16	91	1532	
16	92	12	
16	93	228	
16	94	15	
16	74	1534	
16	76	1532	
16	80	10	
16	77	228	
16	81	10	
16	84	239	
16	85	10	
16	75	231	
16	78	27	
16	82	5	
16	79	1704	
16	83	5	
16	294	239	
16	294	227	
16	294	228	
16	294	234	
16	294	2156	
16	294	27	
16	295	430	
16	295	1534	
16	295	2158	
16	295	231	
16	149	540	
16	139	614	
16	140	2246	
16	273	103	
16	272	100	
16	319	75	
16	340	422	
16	340	479	
16	387	250	
16	388	200	
16	124	1	
16	132	1	
16	138	10	
16	52	118	
16	289	3	
16	289	10	
16	347	27	
16	348	6	
16	349	231	
16	351	0	
16	352	50	
16	353	10	
16	271	50	
16	314	138	
16	314	812	
16	314	978	
16	314	979	
16	314	1343	
16	314	2783	
16	314	2961	
17	274	2	
17	275	1	
17	311	20	
17	312	20	
17	372	20	
17	379	1	
17	95	1466	
17	90	1463	
17	91	1465	
17	92	15	
17	93	1464	
17	94	10	
17	74	1463	
17	76	1465	
17	80	10	
17	77	1464	
17	81	10	
17	75	1460	
17	78	1453	
17	82	10	
17	79	1488	
17	83	5	
17	171	1638	
17	173	1491	
17	177	15	
17	172	2490	
17	175	1636	
17	179	15	
17	186	1638	
17	187	1491	
17	187	1636	
17	187	2490	
17	302	1452	
17	302	1489	
17	302	1465	
17	302	1464	
17	302	1453	
17	302	1462	
17	302	2492	
17	303	1466	
17	303	1463	
17	303	2491	
17	303	2493	
17	138	31	
17	52	109	
17	52	110	
17	52	112	
17	52	167	
17	289	10	
17	198	50	
17	333	2	
17	270	81	
17	270	44	
17	340	110	
17	340	571	
17	376	2	
17	139	1458	
17	140	2494	
17	141	2495	
17	142	2496	
17	143	1678	
17	149	1772	
17	347	1488	
17	348	4	
17	349	1463	
17	366	1636	
17	367	10	
17	368	1638	
17	314	1590	
17	314	2502	
17	314	2503	
17	314	2791	
17	314	2955	
18	95	1755	
18	90	1750	
18	91	1757	
18	92	15	
18	93	1758	
18	94	15	
18	74	1750	
18	76	1749	
18	80	10	
18	77	1758	
18	81	10	
18	84	1756	
18	85	5	
18	75	1752	
18	78	1751	
18	82	10	
18	138	11	
18	52	133	
18	52	134	
18	289	2	
18	289	10	
18	319	50	
18	347	1758	
18	348	10	
18	349	1750	
18	270	89	
18	139	1805	
18	314	266	
18	314	1905	
18	314	2856	
19	185	1	
19	95	1811	
19	90	1815	
19	91	1814	
19	92	15	
19	93	1812	
19	94	15	
19	74	1815	
19	76	1814	
19	80	10	
19	77	1796	
19	81	10	
19	75	1800	
19	78	1812	
19	82	20	
19	138	11	
19	52	136	
19	52	137	
19	289	2	
19	289	10	
19	198	75	
19	270	89	
19	347	1814	
19	348	10	
19	349	1815	
19	353	16	
19	354	15	
19	139	1793	
19	140	1794	
19	141	1803	
19	142	1804	
19	314	1898	
19	314	1899	
19	314	2789	
19	314	2795	
19	314	2856	
19	314	3076	
20	95	1512	
20	90	263	
20	91	1508	
20	92	10	
20	93	1679	
20	94	15	
20	74	263	
20	76	3004	
20	80	10	
20	77	1508	
20	81	5	
20	75	263	
20	78	1509	
20	82	10	
20	139	590	
20	140	1511	
20	132	1	
20	58	1	
20	261	1	
20	319	50	
20	138	11	
20	52	114	
20	52	115	
20	289	1	
20	289	10	
20	347	3004	
20	348	10	
20	349	1510	
20	314	501	
20	314	1098	
20	314	2206	
21	95	1512	
21	90	1502	
21	91	1508	
21	92	10	
21	93	1679	
21	94	15	
21	74	1505	
21	76	3004	
21	80	10	
21	77	1508	
21	81	5	
21	75	1502	
21	78	1509	
21	82	10	
21	139	2473	
21	132	1	
21	58	1	
21	319	50	
21	138	11	
21	52	59	
21	52	113	
21	289	1	
21	289	10	
21	347	3004	
21	348	10	
21	349	1510	
21	314	501	
21	314	2789	
21	314	2801	
21	314	2802	
22	95	786	
22	90	1301	
22	91	1303	
22	92	5	
22	93	1304	
22	94	5	
22	74	1301	
22	76	1302	
22	80	10	
22	75	1299	
22	78	1303	
22	82	5	
22	79	1304	
22	83	5	
22	139	1382	
22	140	586	
22	138	12	
22	52	46	
22	58	3	
22	46	3	
22	207	1	
22	289	1	
22	289	10	
22	319	50	
22	339	1	
22	270	61	
22	347	1305	
22	348	3	
22	349	1301	
22	353	16	
22	354	15	
22	271	25	
22	314	265	
22	314	605	
22	314	643	
22	314	644	
22	314	645	
22	314	1229	
22	314	2801	
24	279	128	
24	95	2984	
24	90	2985	
24	91	2990	
24	92	10	
24	93	2989	
24	94	10	
24	74	2985	
24	76	2990	
24	80	15	
24	77	2991	
24	81	10	
24	75	2986	
24	78	2993	
24	82	15	
24	294	2992	
24	294	2995	
24	295	2984	
24	295	3008	
24	295	2988	
24	295	3002	
24	303	2987	
24	58	2	
24	319	50	
24	138	11	
24	133	200	
24	52	191	
24	52	189	
24	52	190	
24	289	1	
24	289	10	
24	351	0	
24	353	28	
24	354	27	
24	139	1958	
24	140	3234	
24	141	3241	
24	347	2989	
24	348	10	
24	349	2985	
24	270	79	
24	314	1561	
24	314	2747	
24	314	2748	
24	314	2749	
24	314	3086	
25	279	128	
25	95	1119	
25	90	1334	
25	91	1120	
25	92	20	
25	93	1122	
25	94	20	
25	74	1127	
25	76	1118	
25	80	20	
25	77	1122	
25	81	10	
25	84	1121	
25	85	10	
25	75	1334	
25	78	1333	
25	82	10	
25	79	1130	
25	83	5	
25	294	1118	
25	294	1120	
25	294	1121	
25	294	1122	
25	295	1127	
25	58	-2	
25	319	75	
25	340	422	
25	138	7	
25	52	98	
25	52	99	
25	289	8	
25	289	10	
25	139	1585	
25	270	77	
25	347	1130	
25	348	2	
25	347	1121	
25	348	6	
25	347	1120	
25	348	6	
25	347	1118	
25	348	4	
25	349	1334	
25	314	1344	
25	314	2202	
25	314	2466	
25	314	2549	
26	95	1119	
26	90	1334	
26	91	1120	
26	92	20	
26	93	1122	
26	94	20	
26	74	1761	
26	76	1118	
26	80	20	
26	77	1122	
26	81	10	
26	84	1121	
26	85	10	
26	75	1760	
26	78	1762	
26	82	10	
26	79	1130	
26	83	5	
26	294	1118	
26	294	1120	
26	294	1121	
26	294	1122	
26	295	1127	
26	58	-2	
26	210	1	
26	319	50	
26	123	1	
26	138	7	
26	52	131	
26	52	132	
26	289	8	
26	289	10	
26	207	1	
26	310	1	
26	139	1914	
26	271	25	
26	270	77	
26	272	100	
26	347	1130	
26	348	2	
26	347	1121	
26	348	6	
26	347	1120	
26	348	6	
26	347	1118	
26	348	4	
26	349	1761	
26	314	1096	
26	314	1341	
26	314	2550	
27	279	4194320	
27	95	1313	
27	90	1276	
27	91	1260	
27	92	15	
27	93	1312	
27	94	10	
27	74	1609	
27	76	1311	
27	80	10	
27	77	1260	
27	81	10	
27	75	1276	
27	78	1312	
27	82	10	
27	79	1264	
27	83	5	
27	298	1393	
27	298	1394	
27	298	1395	
27	299	2467	
27	299	3069	
27	309	1	
27	311	15	
27	312	15	
27	372	15	
27	358	-25	
27	138	30	
27	133	200	
27	52	95	
27	289	4	
27	289	10	
27	139	1671	
27	140	1672	
27	141	1673	
27	270	88	
27	272	100	
27	357	1	
27	347	1312	
27	348	10	
27	349	1313	
27	353	2	
27	351	0	
27	314	2203	
27	314	2978	
27	314	3073	
27	314	3074	
28	279	64	
28	95	2024	
28	90	2023	
28	91	2021	
28	92	6	
28	93	2022	
28	94	6	
28	74	2023	
28	76	2021	
28	80	5	
28	77	2022	
28	81	3	
28	75	2033	
28	78	2059	
28	82	5	
28	139	2076	
28	140	2077	
28	141	2078	
28	142	2079	
28	143	2080	
28	144	2081	
28	58	-2	
28	132	1	
28	207	1	
28	319	75	
28	138	29	
28	52	147	
28	52	146	
28	289	5	
28	289	10	
28	347	2059	
28	348	4	
28	349	2023	
28	351	2	
28	353	17	
28	354	15	
28	271	25	
28	314	120	
28	314	216	
28	314	1025	
28	314	2082	
28	314	2462	
29	275	1	
29	95	2161	
29	90	2177	
29	91	2172	
29	92	15	
29	74	2177	
29	76	2172	
29	80	10	
29	77	2174	
29	81	5	
29	75	2268	
29	78	2175	
29	82	5	
29	296	2168	
29	296	2183	
29	297	2169	
29	297	2170	
29	297	2171	
29	171	3093	
29	173	3089	
29	177	8	
29	172	3094	
29	175	3090	
29	179	8	
29	186	3093	
29	186	3094	
29	186	3092	
29	186	3091	
29	187	3089	
29	187	3090	
29	139	2432	
29	140	2433	
29	141	2965	
29	58	-1	
29	268	1	
29	289	5	
29	289	10	
29	138	28	
29	52	149	
29	52	150	
29	52	151	
29	347	2163	
29	348	6	
29	349	2177	
29	366	3090	
29	367	5	
29	368	3093	
29	351	1	
29	354	11	
29	353	12	
29	314	606	
29	314	661	
29	314	1372	
29	314	1373	
29	314	2137	
29	314	2435	
29	314	2960	
29	314	3190	
29	314	3191	
29	314	3344	
29	315	2437	
30	185	1	
30	158	2263	
30	159	2264	
30	261	1	
30	95	2252	
30	90	2253	
30	91	2255	
30	92	15	
30	93	2257	
30	94	10	
30	74	2253	
30	76	2254	
30	80	10	
30	77	2255	
30	81	10	
30	84	2256	
30	85	10	
30	75	2265	
30	78	2258	
30	82	10	
30	139	2429	
30	140	2430	
30	141	2876	
30	58	-1	
30	267	10	
30	158	2264	
30	138	0	
30	52	152	
30	132	1	
30	207	1	
30	289	3	
30	289	7	
30	289	5	
30	289	10	
30	347	2255	
30	348	10	
30	349	2253	
30	351	2	
30	314	120	
30	314	2315	
30	314	2462	
30	314	2792	
30	314	2881	
31	274	1	
31	311	15	
31	312	15	
31	372	15	
31	279	4224	
31	95	2691	
31	90	2674	
31	91	2668	
31	92	20	
31	93	2669	
31	94	20	
31	74	2674	
31	76	2668	
31	80	20	
31	77	2670	
31	81	15	
31	75	2677	
31	78	2671	
31	82	20	
31	294	2668	
31	294	2669	
31	295	2674	
31	302	2668	
31	302	2669	
31	303	2674	
31	303	2678	
31	139	2692	
31	140	2757	
31	141	2758	
31	142	2759	
31	143	2760	
31	144	2761	
31	145	2762	
31	132	1	
31	58	-1	
31	207	1	
31	138	14	
31	52	174	
31	52	175	
31	289	6	
31	289	10	
31	347	2670	
31	348	10	
31	349	2674	
31	270	93	
31	351	1	
31	314	604	
31	314	2755	
31	314	2756	
31	314	3192	
32	289	3	
32	42	1	
32	378	15	
32	95	3107	
32	90	3111	
32	91	3103	
32	92	10	
32	93	3105	
32	94	15	
32	74	3108	
32	76	3101	
32	80	20	
32	77	3105	
32	81	10	
32	75	3111	
32	78	3109	
32	82	4	
32	79	3110	
32	83	6	
32	138	2	
32	52	194	
32	52	195	
32	347	3120	
32	348	5	
32	349	3111	
32	351	2	
32	354	11	
32	353	13	
32	139	3122	
32	273	101	
32	314	3121	
32	314	2463	
32	314	3124	
32	314	3368	
33	279	64	
33	403	1	
33	95	3457	
33	90	3458	
33	91	3455	
33	92	12	
33	93	3470	
33	94	16	
33	74	3460	
33	76	3455	
33	80	10	
33	77	3470	
33	81	10	
33	75	3459	
33	78	3456	
33	82	5	
33	79	3454	
33	83	5	
33	139	3475	
33	140	3484	
33	149	3474	
33	58	-3	
33	319	50	
33	313	3471	
33	273	102	
33	273	105	
33	498	1	
33	632	1	
33	300	3477	
33	138	33	
33	52	214	
33	52	215	
33	631	216	
33	631	217	
33	631	211	
33	289	5	
33	289	7	
33	289	10	
33	347	3453	
33	348	10	
33	347	3470	
33	348	10	
33	349	3460	
33	314	1025	
33	314	3369	
33	314	3370	
33	314	3386	
33	314	3387	
33	314	3388	
33	315	3473	
36	293	1	
36	275	1	
36	279	2048	
36	289	9	
36	95	1680	
36	90	1701	
36	91	1681	
36	92	15	
36	93	1686	
36	94	10	
36	74	1701	
36	76	1681	
36	80	10	
36	77	1686	
36	81	10	
36	75	1693	
36	78	1681	
36	82	10	
36	79	1684	
36	83	10	
36	171	1701	
36	173	1681	
36	177	10	
36	174	1686	
36	178	10	
36	172	1693	
36	175	1681	
36	179	10	
36	176	1684	
36	180	10	
36	158	1694	
36	160	1682	
36	58	0	
36	138	1	
36	52	128	
36	52	129	
36	198	50	
36	366	1682	
36	367	10	
36	368	1694	
36	351	2	
36	314	109	
36	314	2853	
37	293	1	
37	275	1	
37	279	2048	
37	289	9	
37	95	432	
37	90	1523	
37	91	335	
37	92	15	
37	93	1517	
37	94	10	
37	74	1523	
37	76	335	
37	80	15	
37	77	1515	
37	81	10	
37	75	1527	
37	78	336	
37	82	10	
37	79	1524	
37	83	10	
37	171	1523	
37	173	335	
37	177	15	
37	174	1515	
37	178	10	
37	172	1527	
37	175	336	
37	179	10	
37	176	1524	
37	180	10	
37	58	0	
37	138	13	
37	52	116	
37	139	1691	
37	198	50	
37	368	1401	
37	366	1404	
37	367	7	
37	368	1401	
37	366	1404	
37	367	7	
37	314	546	
37	314	1402	
37	314	2855	
37	314	3098	
38	293	1	
38	275	1	
38	280	2048	
38	289	9	
38	95	1050	
38	90	2390	
38	91	2385	
38	92	10	
38	93	2382	
38	94	10	
38	74	1293	
38	76	1046	
38	80	10	
38	75	1696	
38	78	1291	
38	82	10	
38	176	1046	
38	180	10	
38	171	2390	
38	173	2385	
38	177	10	
38	174	1056	
38	178	10	
38	172	2395	
38	175	2382	
38	179	10	
38	176	2386	
38	180	10	
38	58	0	
38	138	1	
38	52	72	
38	198	50	
38	347	1292	
38	348	10	
38	349	1294	
38	366	2382	
38	367	12	
38	368	1293	
38	314	1232	
38	314	1233	
38	139	2806	
39	293	1	
39	275	1	
39	280	2048	
39	289	9	
39	95	2370	
39	90	2372	
39	91	1041	
39	92	15	
39	93	2376	
39	94	15	
39	74	2372	
39	76	1041	
39	80	10	
39	77	2378	
39	81	10	
39	75	2392	
39	78	2372	
39	82	10	
39	79	1408	
39	83	5	
39	171	2372	
39	173	1041	
39	177	10	
39	174	2378	
39	178	10	
39	172	2392	
39	175	2378	
39	179	10	
39	176	1408	
39	180	5	
39	58	0	
39	322	3	
39	281	-1	
39	133	200	
39	138	1	
39	52	101	
39	198	50	
39	366	2378	
39	367	10	
39	368	2372	
39	351	0	
39	353	30	
39	314	294	
39	314	2849	
39	314	3057	
40	293	1	
40	275	1	
40	280	2048	
40	289	9	
40	95	2845	
40	90	2833	
40	91	2841	
40	92	10	
40	93	2842	
40	94	10	
40	74	2831	
40	76	2828	
40	80	10	
40	77	2827	
40	81	10	
40	75	2831	
40	78	2829	
40	82	10	
40	171	2844	
40	173	2841	
40	177	10	
40	174	2840	
40	178	5	
40	172	2845	
40	175	2842	
40	179	10	
40	35	5	
40	400	5	
40	324	-2	
40	317	1	
40	129	1	
40	123	1	
40	290	1	
40	138	8	
40	321	50	
40	210	1	
40	205	1	
40	269	1	
40	288	100	
40	52	182	
40	271	25	
40	139	2871	
40	140	2878	
40	141	2880	
40	347	2840	
40	348	10	
40	349	2845	
40	366	2840	
40	367	10	
40	368	2845	
40	351	2	
40	314	872	
40	314	2850	
40	315	2881	
40	315	2882	
40	315	3368	
43	95	431	
43	90	46	
43	91	201	
43	92	15	
43	93	199	
43	94	15	
43	74	46	
43	76	201	
43	80	10	
43	77	199	
43	81	10	
43	84	50	
43	85	10	
43	75	242	
43	78	14	
43	82	10	
43	138	6	
43	52	10	
43	134	250	
43	137	1	
43	289	3	
43	289	10	
43	198	50	
43	139	371	
43	140	587	
43	141	954	
43	142	2872	
43	347	50	
43	348	15	
43	349	13	
43	314	158	
43	314	600	
43	314	602	
43	314	1230	
43	314	1343	
43	314	3053	
43	314	3203	
43	314	3205	
43	314	3208	
43	314	3209	
43	314	3368	
44	95	254	
44	90	260	
44	91	186	
44	92	15	
44	93	187	
44	94	15	
44	74	190	
44	76	186	
44	80	20	
44	77	187	
44	81	20	
44	75	260	
44	78	189	
44	82	20	
44	35	50	
44	324	-3	
44	36	1	
44	122	1	
44	126	1	
44	127	1	
44	290	1	
44	308	5	
44	138	8	
44	321	75	
44	493	3	
44	289	3	
44	289	7	
44	289	10	
44	210	1	
44	205	1	
44	363	1	
44	100	23	
44	156	1	
44	269	1	
44	288	100	
44	139	183	
44	140	555	
44	141	537	
44	142	2068	
44	353	13	
44	354	1	
44	347	3005	
44	348	10	
44	349	256	
44	271	100	
44	320	5	
44	339	1	
44	340	513	
44	340	110	
44	340	571	
44	340	308	
44	340	368	
44	340	462	
44	340	190	
44	314	2850	
45	95	426	
45	90	671	
45	91	662	
45	92	15	
45	93	663	
45	94	15	
45	74	671	
45	76	662	
45	80	10	
45	77	663	
45	81	10	
45	84	50	
45	85	10	
45	75	669	
45	78	664	
45	82	10	
45	138	2	
45	52	55	
45	52	64	
45	52	148	
45	289	3	
45	289	10	
45	198	75	
45	139	868	
45	140	977	
45	353	13	
45	354	1	
45	123	1	
45	126	1	
45	210	1	
45	341	134217728	
45	347	50	
45	348	15	
45	349	671	
45	314	383	
45	314	874	
45	314	2850	
46	95	426	
46	90	683	
46	91	684	
46	92	15	
46	93	685	
46	94	15	
46	74	683	
46	76	684	
46	80	10	
46	77	685	
46	81	10	
46	84	50	
46	85	10	
46	75	52	
46	78	686	
46	82	10	
46	138	2	
46	52	3	
46	52	4	
46	289	3	
46	289	7	
46	289	10	
46	198	75	
46	139	584	
46	140	505	
46	141	506	
46	149	37	
46	353	13	
46	354	1	
46	347	50	
46	348	15	
46	349	671	
46	314	158	
46	314	874	
47	95	56	
47	90	54	
47	91	61	
47	92	10	
47	93	59	
47	94	10	
47	74	54	
47	76	61	
47	80	10	
47	77	53	
47	81	5	
47	84	1	
47	85	10	
47	75	658	
47	78	59	
47	82	10	
47	79	63	
47	83	10	
47	294	2127	
47	295	56	
47	133	200	
47	138	3	
47	52	5	
47	52	6	
47	289	2	
47	289	10	
47	139	376	
47	140	381	
47	141	582	
47	142	2481	
47	143	3236	
47	144	3239	
47	149	58	
47	347	59	
47	348	10	
47	349	54	
47	270	30	
47	314	266	
47	314	1378	
47	314	2856	
47	314	2234	
47	314	2930	
47	314	3076	
47	314	3079	
48	95	1789	
48	90	1783	
48	91	1779	
48	92	15	
48	93	1781	
48	94	15	
48	74	1783	
48	76	1779	
48	80	20	
48	77	1782	
48	81	10	
48	75	850	
48	78	1781	
48	82	10	
48	79	1787	
48	83	10	
48	138	11	
48	52	135	
48	289	2	
48	289	10	
48	133	200	
48	319	50	
48	347	1779	
48	348	15	
48	349	1783	
48	270	89	
48	139	1777	
48	140	1778	
48	141	1794	
48	142	1844	
48	149	1806	
48	314	266	
48	314	2856	
48	314	3076	
49	95	1591	
49	90	114	
49	91	67	
49	92	8	
49	93	79	
49	94	8	
49	74	114	
49	76	67	
49	80	5	
49	77	417	
49	81	10	
49	75	1974	
49	78	79	
49	82	10	
49	136	25	
49	138	4	
49	52	7	
49	52	8	
49	289	1	
49	289	2	
49	289	10	
49	198	50	
49	139	507	
49	140	377	
49	141	378	
49	347	417	
49	348	6	
49	349	748	
49	270	30	
49	353	4	
49	314	550	
49	314	1230	
49	314	1340	
50	95	2107	
50	90	148	
50	91	221	
50	92	10	
50	93	218	
50	94	10	
50	74	148	
50	76	221	
50	80	10	
50	77	218	
50	81	10	
50	75	440	
50	78	220	
50	82	10	
50	79	219	
50	83	10	
50	41	1	
50	319	75	
50	330	2	
50	334	2	
50	350	1	
50	138	9	
50	52	13	
50	52	192	
50	289	2	
50	289	3	
50	289	10	
50	139	583	
50	140	588	
50	141	589	
50	142	2235	
50	347	218	
50	348	8	
50	349	149	
50	270	30	
50	361	1	
50	353	4	
50	314	215	
50	314	216	
50	314	607	
50	314	2787	
50	314	3079	
50	314	3080	
50	314	3082	
50	314	3416	
51	95	729	
51	90	730	
51	91	721	
51	92	20	
51	93	1545	
51	94	15	
51	74	730	
51	76	721	
51	80	20	
51	77	722	
51	81	10	
51	75	1189	
51	78	726	
51	82	10	
51	79	1547	
51	83	10	
51	139	933	
51	140	1884	
51	141	1886	
51	58	-1	
51	319	75	
51	336	1	
51	331	2	
51	138	14	
51	52	89	
51	52	90	
51	52	88	
51	52	87	
51	289	6	
51	289	10	
51	347	721	
51	348	15	
51	349	730	
51	270	82	
51	351	1	
51	353	12	
51	354	11	
51	314	1897	
51	314	2443	
52	95	813	
52	90	792	
52	91	794	
52	92	15	
52	93	797	
52	94	15	
52	74	805	
52	76	794	
52	80	10	
52	77	796	
52	81	10	
52	84	797	
52	85	10	
52	75	807	
52	78	1900	
52	82	10	
52	138	15	
52	52	51	
52	52	50	
52	289	4	
52	289	10	
52	139	942	
52	140	943	
52	141	944	
52	353	13	
52	354	1	
52	347	802	
52	348	6	
52	349	805	
52	220	794	
52	221	6	
52	222	801	
52	223	5	
52	314	905	
52	314	1345	
52	314	2457	
52	314	2556	
52	314	3060	
52	314	3088	
53	95	2288	
53	90	883	
53	91	879	
53	92	15	
53	93	880	
53	94	15	
53	74	881	
53	76	878	
53	80	30	
53	77	880	
53	81	10	
53	75	883	
53	78	882	
53	82	10	
53	294	3097	
53	295	892	
53	58	-2	
53	138	16	
53	52	60	
53	52	61	
53	289	7	
53	289	10	
53	198	50	
53	340	422	
53	139	952	
53	140	953	
53	141	946	
53	142	1426	
53	143	1706	
53	347	879	
53	348	15	
53	349	883	
53	314	216	
53	314	957	
53	314	1025	
53	314	1346	
53	314	2207	
53	314	2792	
53	314	2793	
54	274	2	
54	275	1	
54	311	15	
54	312	15	
54	372	15	
54	95	1448	
54	90	1445	
54	91	1447	
54	92	15	
54	93	1355	
54	94	10	
54	74	1445	
54	76	1447	
54	80	10	
54	77	1355	
54	81	10	
54	75	1475	
54	78	1472	
54	82	10	
54	79	1497	
54	83	5	
54	171	1638	
54	173	1489	
54	177	15	
54	172	1638	
54	175	1489	
54	179	15	
54	186	1638	
54	187	1489	
54	187	1636	
54	302	1489	
54	302	1472	
54	303	1471	
54	138	31	
54	52	110	
54	52	111	
54	52	166	
54	289	10	
54	198	50	
54	333	1	
54	270	81	
54	270	44	
54	340	110	
54	340	571	
54	43	10	
54	139	1846	
54	140	1847	
54	141	1848	
54	347	2189	
54	348	3	
54	349	1471	
54	366	1636	
54	367	10	
54	368	1638	
54	314	1590	
54	314	2503	
54	314	2791	
54	314	2955	
55	274	1	
55	311	15	
55	312	15	
55	372	15	
55	279	64	
55	95	429	
55	90	119	
55	91	81	
55	92	15	
55	93	82	
55	94	15	
55	74	119	
55	76	372	
55	80	10	
55	77	983	
55	81	10	
55	75	85	
55	78	81	
55	82	10	
55	132	1	
55	58	-3	
55	47	2	
55	207	1	
55	200	1	
55	330	1	
55	338	1	
55	138	0	
55	52	1	
55	52	121	
55	170	1	
55	359	1	
55	360	1	
55	289	7	
55	289	10	
55	139	581	
55	140	867	
55	141	539	
55	271	25	
55	347	3006	
55	348	6	
55	349	119	
55	314	120	
55	314	216	
55	314	486	
55	314	1025	
55	314	2792	
56	279	4194320	
56	95	484	
56	90	418	
56	91	129	
56	92	15	
56	93	128	
56	94	15	
56	74	418	
56	76	129	
56	80	10	
56	77	128	
56	81	10	
56	75	204	
56	78	420	
56	82	10	
56	79	128	
56	83	10	
56	139	556	
56	140	557	
56	58	3	
56	46	2	
56	313	2562	
56	339	1	
56	138	7	
56	52	11	
56	52	18	
56	289	8	
56	289	5	
56	289	10	
56	347	128	
56	348	10	
56	349	418	
56	353	23	
56	354	20	
56	314	265	
56	314	509	
56	314	2552	
56	314	2578	
57	279	32	
57	379	1	
57	95	502	
57	90	163	
57	91	167	
57	92	15	
57	93	166	
57	94	10	
57	74	163	
57	76	168	
57	80	10	
57	77	166	
57	81	20	
57	75	162	
57	78	171	
57	82	10	
57	79	166	
57	83	10	
57	139	379	
57	140	585	
57	141	635	
57	142	2272	
57	143	2394	
57	59	1	
57	58	-2	
57	138	5	
57	52	62	
57	52	12	
57	289	7	
57	289	10	
57	198	75	
57	340	571	
57	347	503	
57	348	2	
57	347	167	
57	348	4	
57	349	162	
57	314	266	
57	314	320	
57	314	1349	
57	314	2445	
57	314	2793	
57	314	2799	
58	279	128	
58	95	430	
58	90	232	
58	91	229	
58	92	15	
58	93	228	
58	94	15	
58	74	232	
58	76	229	
58	80	10	
58	77	228	
58	81	10	
58	84	239	
58	85	10	
58	75	231	
58	78	27	
58	82	5	
58	79	707	
58	83	5	
58	294	239	
58	294	227	
58	294	228	
58	294	229	
58	294	234	
58	294	2156	
58	294	27	
58	295	430	
58	295	2118	
58	295	2158	
58	295	231	
58	149	540	
58	139	770	
58	140	614	
58	141	611	
58	388	200	
58	124	1	
58	319	50	
58	340	422	
58	340	479	
58	138	10	
58	52	14	
58	52	19	
58	289	3	
58	289	10	
58	347	27	
58	348	6	
58	349	231	
58	351	1	
58	271	25	
58	314	138	
58	314	812	
58	314	978	
58	314	979	
58	314	1343	
58	314	2783	
58	314	2961	
58	314	2977	
59	279	128	
59	95	1534	
59	90	714	
59	91	227	
59	92	15	
59	93	228	
59	94	15	
59	74	2311	
59	76	227	
59	80	10	
59	77	228	
59	81	10	
59	84	239	
59	85	10	
59	75	1534	
59	78	27	
59	82	5	
59	79	228	
59	83	10	
59	294	239	
59	294	227	
59	294	228	
59	294	234	
59	294	2156	
59	294	27	
59	295	430	
59	295	1534	
59	295	2311	
59	295	2312	
59	69	1	
59	100	79	
59	35	10	
59	124	1	
59	123	1	
59	319	50	
59	387	250	
59	388	200	
59	138	10	
59	289	3	
59	289	10	
59	273	103	
59	273	105	
59	139	861	
59	140	863	
59	347	27	
59	348	6	
59	349	2311	
59	351	0	
59	352	50	
59	353	10	
59	271	50	
59	314	1026	
60	95	426	
60	90	422	
60	91	142	
60	92	10	
60	93	143	
60	94	10	
60	74	422	
60	76	142	
60	80	15	
60	77	143	
60	81	10	
60	75	263	
60	78	144	
60	82	15	
60	139	544	
60	140	590	
60	132	1	
60	58	1	
60	261	1	
60	319	50	
60	138	11	
60	52	35	
60	52	15	
60	289	1	
60	289	10	
60	347	142	
60	348	6	
60	349	422	
60	314	501	
60	314	1098	
60	314	2206	
61	95	786	
61	90	437	
61	91	276	
61	92	5	
61	93	278	
61	94	5	
61	74	437	
61	76	277	
61	80	10	
61	75	274	
61	78	276	
61	82	10	
61	294	541	
61	294	282	
61	294	1085	
61	294	3423	
61	295	283	
61	295	913	
61	139	1382	
61	140	586	
61	141	508	
61	142	3424	
61	138	12	
61	52	16	
61	52	212	
61	58	2	
61	46	1	
61	207	1	
61	289	1	
61	289	10	
61	198	50	
61	339	1	
61	270	66	
61	347	300	
61	348	3	
61	349	437	
61	353	17	
61	354	15	
61	314	265	
61	314	500	
61	314	643	
61	314	644	
61	314	645	
61	314	1229	
61	314	2801	
62	95	2353	
62	90	2354	
62	91	2344	
62	92	10	
62	93	2343	
62	94	10	
62	74	2354	
62	76	2344	
62	80	15	
62	77	2343	
62	81	10	
62	75	2356	
62	78	2346	
62	82	15	
62	295	1939	
62	295	1938	
62	139	3257	
62	140	1958	
62	141	3259	
62	132	1	
62	58	2	
62	319	25	
62	138	11	
62	52	155	
62	52	156	
62	289	1	
62	289	10	
62	347	2343	
62	348	10	
62	349	2354	
62	314	1561	
62	314	3086	
63	279	128	
63	95	1119	
63	90	1135	
63	91	1120	
63	92	20	
63	93	1122	
63	94	20	
63	74	1127	
63	76	1118	
63	80	20	
63	77	1122	
63	81	10	
63	84	1121	
63	85	10	
63	75	1135	
63	78	1133	
63	82	10	
63	294	1118	
63	294	1120	
63	294	1121	
63	294	1122	
63	295	1127	
63	139	2270	
63	58	-2	
63	138	16	
63	52	78	
63	289	8	
63	289	10	
63	198	75	
63	319	25	
63	340	422	
63	270	77	
63	347	1131	
63	348	2	
63	347	1123	
63	348	6	
63	347	1120	
63	348	4	
63	347	1118	
63	348	4	
63	349	1135	
63	314	1344	
63	314	2202	
63	314	2466	
63	314	2549	
63	314	2959	
64	275	1	
64	95	1963	
64	90	1398	
64	91	1393	
64	92	25	
64	93	1395	
64	94	10	
64	74	1398	
64	76	1393	
64	80	10	
64	77	1390	
64	81	10	
64	84	1395	
64	85	10	
64	75	1398	
64	78	1399	
64	82	10	
64	186	1531	
64	187	1550	
64	298	1393	
64	298	1394	
64	298	1395	
64	299	1963	
64	299	2467	
64	299	1608	
64	311	15	
64	312	15	
64	372	15	
64	138	15	
64	52	106	
64	289	4	
64	289	10	
64	198	50	
64	270	85	
64	270	86	
64	270	87	
64	139	1670	
64	140	3246	
64	141	3247	
64	142	3249	
64	347	1397	
64	348	4	
64	347	1391	
64	348	6	
64	349	1398	
64	366	1550	
64	367	7	
64	368	1531	
64	351	1	
64	314	1428	
64	314	3073	
64	314	3074	
65	95	2010	
65	90	2009	
65	91	2005	
65	92	10	
65	93	2007	
65	94	5	
65	74	2009	
65	76	2005	
65	80	4	
65	77	2007	
65	81	3	
65	75	2009	
65	78	2061	
65	82	5	
65	139	2047	
65	140	2048	
65	141	2049	
65	58	-2	
65	319	75	
65	138	29	
65	52	144	
65	52	145	
65	289	5	
65	289	10	
65	347	2061	
65	348	2	
65	347	2003	
65	348	6	
65	349	2009	
65	353	17	
65	354	15	
65	314	1025	
65	314	2082	
66	275	1	
66	95	2934	
66	90	2942	
66	91	2939	
66	92	10	
66	93	2935	
66	94	5	
66	74	2942	
66	76	2936	
66	80	10	
66	77	2935	
66	81	5	
66	75	2943	
66	78	2939	
66	82	10	
66	171	3093	
66	173	3089	
66	177	8	
66	172	3094	
66	175	3090	
66	179	8	
66	186	3093	
66	186	3094	
66	186	3092	
66	186	3091	
66	187	3089	
66	187	3090	
66	139	2433	
66	140	2965	
66	58	-1	
66	268	1	
66	289	5	
66	289	10	
66	138	28	
66	133	600	
66	52	186	
66	52	187	
66	52	188	
66	347	2935	
66	348	6	
66	349	2942	
66	366	3090	
66	367	5	
66	368	3093	
66	351	2	
66	354	11	
66	353	13	
66	314	606	
66	314	661	
66	314	1374	
66	314	2137	
66	314	2435	
66	314	2436	
66	314	2437	
66	314	2960	
66	314	3190	
66	314	3191	
66	314	3344	
67	279	4194320	
67	280	64	
67	95	2666	
67	90	2647	
67	91	2646	
67	92	15	
67	93	2652	
67	94	15	
67	74	2647	
67	76	2646	
67	80	10	
67	77	2652	
67	81	10	
67	84	2648	
67	85	10	
67	75	2660	
67	78	2709	
67	82	20	
67	79	2701	
67	83	10	
67	298	2643	
67	298	2644	
67	298	2645	
67	298	2646	
67	299	2647	
67	299	2664	
67	299	2665	
67	138	14	
67	52	172	
67	52	173	
67	289	10	
67	58	1	
67	270	34	
67	139	2712	
67	140	2713	
67	341	134217728	
67	210	1	
67	123	1	
67	128	1	
67	319	25	
67	347	2652	
67	348	10	
67	349	2654	
67	351	1	
67	314	2685	
67	314	2686	
67	314	2693	
67	314	2695	
67	314	2696	
67	314	2698	
67	314	2699	
67	314	2737	
67	314	3394	
68	275	1	
68	379	1	
68	274	1	
68	311	10	
68	312	10	
68	372	10	
68	279	4224	
68	95	2732	
68	90	2715	
68	91	2722	
68	92	10	
68	93	2724	
68	94	10	
68	74	2715	
68	76	2723	
68	80	10	
68	77	2726	
68	81	10	
68	75	2733	
68	78	2734	
68	82	20	
68	171	2715	
68	173	2887	
68	177	10	
68	174	2888	
68	178	5	
68	172	2717	
68	175	2888	
68	179	10	
68	294	2727	
68	294	2734	
68	294	2735	
68	295	2720	
68	295	2728	
68	295	2733	
68	295	2682	
68	302	2734	
68	302	2735	
68	303	2733	
68	303	2719	
68	186	2715	
68	186	2717	
68	186	2716	
68	187	2887	
68	187	2888	
68	139	3260	
68	140	3261	
68	58	-1	
68	207	1	
68	319	25	
68	138	14	
68	52	177	
68	52	178	
68	52	179	
68	289	6	
68	289	10	
68	347	2722	
68	348	10	
68	349	2715	
68	366	2887	
68	367	10	
68	368	2715	
68	270	93	
68	351	1	
68	314	603	
68	314	604	
68	314	2755	
68	314	2756	
69	289	3	
69	37	5	
69	95	3135	
69	90	3129	
69	91	3134	
69	92	10	
69	93	3133	
69	94	10	
69	74	3129	
69	76	3133	
69	80	20	
69	77	3132	
69	81	10	
69	75	3130	
69	78	3134	
69	82	10	
69	138	2	
69	52	196	
69	52	197	
69	347	3137	
69	348	5	
69	349	3135	
69	351	2	
69	354	15	
69	353	17	
69	139	3163	
69	271	25	
69	273	101	
69	314	3121	
69	314	2463	
69	314	3124	
70	289	3	
70	289	7	
70	289	10	
70	380	1	
70	381	1	
70	261	1	
70	267	10	
70	158	3152	
70	95	3153	
70	90	3154	
70	91	3145	
70	92	10	
70	93	3144	
70	94	10	
70	74	3154	
70	76	3143	
70	80	20	
70	77	3144	
70	81	10	
70	75	3151	
70	78	3146	
70	82	10	
70	138	2	
70	52	198	
70	52	199	
70	52	200	
70	385	201	
70	58	-1	
70	347	3144	
70	348	10	
70	349	3154	
70	351	2	
70	353	13	
70	139	3173	
70	140	3174	
70	314	961	
70	314	1231	
70	314	1348	
70	314	2851	
70	314	3124	
71	42	-2	
71	403	1	
71	370	1	
71	23	32	
71	371	3	
71	95	3284	
71	90	3287	
71	91	3282	
71	92	10	
71	93	3283	
71	94	10	
71	74	3287	
71	76	3282	
71	80	10	
71	77	3283	
71	81	5	
71	75	3284	
71	78	3280	
71	82	10	
71	428	3312	
71	430	3310	
71	432	10	
71	430	3359	
71	432	10	
71	429	3284	
71	431	3311	
71	433	5	
71	434	3362	
71	436	3302	
71	438	10	
71	436	3303	
71	438	10	
71	436	3304	
71	438	10	
71	435	3284	
71	437	3305	
71	439	20	
71	452	3326	
71	454	3324	
71	456	5	
71	454	3307	
71	456	20	
71	453	3284	
71	455	3325	
71	457	5	
71	455	3319	
71	457	10	
71	464	3290	
71	466	3320	
71	468	3	
71	465	3321	
71	467	3320	
71	469	3	
71	440	3300	
71	442	3298	
71	444	6	
71	442	3299	
71	444	4	
71	441	3284	
71	443	3299	
71	445	10	
71	602	3312	
71	600	3359	
71	601	10	
71	605	3362	
71	603	3303	
71	604	20	
71	614	3326	
71	612	3323	
71	613	10	
71	620	3290	
71	618	3320	
71	619	1	
71	608	3300	
71	606	3298	
71	607	5	
71	404	3359	
71	404	3310	
71	404	3311	
71	405	3312	
71	405	3314	
71	406	3302	
71	406	3303	
71	406	3304	
71	406	3305	
71	407	3306	
71	407	3322	
71	408	3298	
71	408	3299	
71	408	3315	
71	408	3316	
71	409	3300	
71	409	3301	
71	409	3317	
71	409	3318	
71	409	3290	
71	409	3291	
71	412	3323	
71	412	3324	
71	412	3325	
71	412	3307	
71	412	3319	
71	412	3308	
71	413	3379	
71	413	3326	
71	416	3320	
71	417	3321	
71	353	13	
71	427	1	
71	139	3378	
71	140	3380	
71	58	-1	
71	138	16	
71	52	205	
71	52	206	
71	52	207	
71	52	208	
71	289	8	
71	289	7	
71	289	10	
71	198	75	
71	319	25	
71	334	1	
71	270	77	
71	347	3283	
71	348	10	
71	349	3287	
71	314	158	
71	314	215	
71	314	472	
71	314	608	
71	314	1025	
71	314	2463	
71	314	2787	
71	314	2958	
72	279	64	
72	403	1	
72	95	3347	
72	90	3337	
72	91	3335	
72	92	6	
72	93	3332	
72	94	16	
72	74	3337	
72	76	3356	
72	80	10	
72	77	3332	
72	81	15	
72	75	3334	
72	78	3335	
72	82	5	
72	79	3336	
72	83	5	
72	139	3385	
72	149	3474	
72	58	-2	
72	319	75	
72	393	250	
72	138	33	
72	52	209	
72	52	210	
72	52	211	
72	289	5	
72	289	7	
72	289	10	
72	347	3336	
72	348	2	
72	347	3332	
72	348	6	
72	349	3337	
72	353	17	
72	354	15	
72	314	387	
72	314	2785	
72	314	3328	
72	314	3329	
72	314	3330	
72	314	3331	
72	314	3345	
72	314	3346	
72	314	3369	
72	314	3370	
72	314	3384	
72	314	3386	
72	314	3387	
72	314	3388	
73	293	1	
73	275	1	
73	289	9	
73	95	432	
73	90	207	
73	91	111	
73	92	12	
73	93	107	
73	94	8	
73	74	441	
73	76	110	
73	80	10	
73	77	107	
73	81	10	
73	75	112	
73	78	111	
73	82	10	
73	79	208	
73	83	10	
73	171	441	
73	173	110	
73	177	10	
73	174	107	
73	178	10	
73	172	112	
73	175	111	
73	179	10	
73	176	208	
73	180	10	
73	58	0	
73	138	1	
73	52	2	
73	139	373	
73	140	558	
73	198	50	
73	366	1621	
73	367	4	
73	366	2862	
73	367	4	
73	368	207	
73	314	109	
73	314	873	
73	314	2853	
73	314	3058	
74	293	1	
74	157	1	
74	275	1	
74	279	2048	
74	289	9	
74	95	432	
74	90	445	
74	91	337	
74	92	20	
74	93	335	
74	94	10	
74	74	445	
74	76	337	
74	80	20	
74	77	335	
74	81	10	
74	75	333	
74	78	336	
74	82	10	
74	79	425	
74	83	5	
74	171	445	
74	173	337	
74	177	20	
74	174	335	
74	178	10	
74	172	333	
74	175	336	
74	179	10	
74	176	425	
74	180	5	
74	58	0	
74	138	13	
74	52	17	
74	52	45	
74	139	560	
74	140	660	
74	141	622	
74	158	443	
74	159	2470	
74	160	970	
74	161	971	
74	366	407	
74	367	2	
74	366	1524	
74	367	4	
74	368	445	
74	314	546	
74	314	652	
74	314	2855	
74	314	3054	
74	314	3396	
75	293	1	
75	275	1	
75	280	2048	
75	289	9	
75	95	1050	
75	90	1069	
75	91	1056	
75	92	15	
75	93	1057	
75	94	10	
75	74	2826	
75	76	1046	
75	80	10	
75	77	2822	
75	81	5	
75	75	1696	
75	78	2822	
75	82	10	
75	176	1046	
75	180	10	
75	171	1069	
75	173	1056	
75	177	10	
75	174	1056	
75	178	10	
75	172	1061	
75	175	1057	
75	179	10	
75	176	1046	
75	180	10	
75	58	0	
75	138	1	
75	52	160	
75	198	50	
75	366	1057	
75	367	10	
75	368	1069	
75	314	1232	
75	314	1233	
76	293	1	
76	275	1	
76	280	2048	
76	289	9	
76	95	2370	
76	90	2372	
76	91	2404	
76	92	15	
76	93	2408	
76	94	10	
76	74	2372	
76	76	2404	
76	80	15	
76	77	2408	
76	81	10	
76	75	2411	
76	78	1409	
76	82	5	
76	79	2408	
76	83	5	
76	171	2372	
76	173	2406	
76	177	15	
76	174	2408	
76	178	10	
76	172	2410	
76	175	1408	
76	179	5	
76	176	1043	
76	180	5	
76	58	0	
76	322	2	
76	281	-1	
76	133	200	
76	138	1	
76	52	162	
76	198	50	
76	351	1	
76	353	30	
76	366	2408	
76	367	10	
76	368	2372	
76	314	294	
76	314	2849	
76	314	3057	
77	293	1	
77	275	1	
77	280	2048	
77	289	9	
77	95	2912	
77	90	2913	
77	91	2908	
77	92	10	
77	93	2923	
77	94	10	
77	74	2900	
77	76	2897	
77	80	10	
77	77	2898	
77	81	10	
77	75	2917	
77	78	2908	
77	82	10	
77	79	2898	
77	83	10	
77	171	2913	
77	173	2907	
77	177	10	
77	174	2923	
77	178	10	
77	172	2917	
77	175	2909	
77	179	10	
77	176	2908	
77	180	10	
77	58	0	
77	138	9	
77	52	185	
77	139	2924	
77	140	2926	
77	353	8	
77	270	97	
77	366	2923	
77	367	10	
77	368	2913	
77	314	2848	
77	314	2856	
77	314	2922	
80	95	431	
80	90	1552	
80	91	201	
80	92	15	
80	93	1551	
80	94	10	
80	74	1552	
80	76	201	
80	80	10	
80	77	1551	
80	81	10	
80	84	50	
80	85	10	
80	75	242	
80	78	14	
80	82	10	
80	138	6	
80	384	1	
80	52	122	
80	52	123	
80	52	124	
80	134	250	
80	137	1	
80	289	5	
80	289	3	
80	289	10	
80	198	75	
80	386	1	
80	139	587	
80	140	954	
80	141	1089	
80	347	50	
80	348	15	
80	349	1552	
80	314	158	
80	314	600	
80	314	602	
80	314	1343	
80	314	3053	
80	314	3203	
80	314	3205	
80	314	3208	
80	314	3209	
80	314	3368	
81	95	426	
81	90	1869	
81	91	1867	
81	92	15	
81	74	1869	
81	76	1862	
81	80	10	
81	77	1863	
81	81	10	
81	84	1864	
81	85	5	
81	75	1872	
81	78	1864	
81	82	10	
81	138	2	
81	52	138	
81	52	139	
81	52	43	
81	289	3	
81	289	7	
81	289	10	
81	319	25	
81	510	10	
81	139	865	
81	140	866	
81	149	37	
81	347	50	
81	348	15	
81	349	1869	
81	314	266	
81	314	387	
81	314	654	
81	314	874	
81	314	1342	
81	314	1371	
81	314	2799	
81	314	3208	
81	314	3209	
82	95	2334	
82	90	678	
82	91	672	
82	92	8	
82	93	673	
82	94	8	
82	74	2333	
82	76	672	
82	80	10	
82	77	673	
82	81	10	
82	75	681	
82	78	2336	
82	82	10	
82	35	30	
82	324	-2	
82	287	1	
82	130	1	
82	122	1	
82	290	1	
82	308	5	
82	138	8	
82	321	75	
82	493	3	
82	210	1	
82	205	1	
82	269	1	
82	288	100	
82	339	1	
82	273	105	
82	341	134217728	
82	340	513	
82	340	110	
82	340	571	
82	340	308	
82	340	368	
82	100	157	
82	156	1	
82	289	3	
82	289	10	
82	139	183	
82	140	945	
82	271	100	
82	351	2	
82	353	13	
82	354	1	
82	347	672	
82	348	6	
82	349	678	
82	314	872	
82	314	2850	
83	95	56	
83	90	54	
83	91	61	
83	92	10	
83	93	2455	
83	94	10	
83	74	54	
83	76	61	
83	80	10	
83	77	62	
83	81	5	
83	84	2453	
83	85	10	
83	75	1645	
83	78	2455	
83	82	10	
83	79	1642	
83	83	10	
83	138	3	
83	52	127	
83	289	2	
83	289	10	
83	139	376	
83	140	3254	
83	353	19	
83	364	1	
83	347	1642	
83	348	8	
83	349	1644	
83	314	3059	
84	95	1018	
84	90	1016	
84	91	1013	
84	92	8	
84	93	1015	
84	94	8	
84	74	114	
84	76	1013	
84	80	10	
84	77	482	
84	81	15	
84	75	739	
84	78	1014	
84	82	10	
84	136	25	
84	138	4	
84	52	29	
84	52	42	
84	52	44	
84	289	1	
84	289	2	
84	289	10	
84	139	1021	
84	140	1024	
84	141	3125	
84	142	3126	
84	347	1017	
84	348	6	
84	349	1016	
84	314	656	
84	314	862	
85	185	1	
85	158	1031	
85	95	2107	
85	90	1029	
85	91	2109	
85	92	15	
85	93	2108	
85	94	10	
85	74	1029	
85	76	2109	
85	80	15	
85	77	2108	
85	81	10	
85	75	1031	
85	78	2111	
85	82	10	
85	79	2110	
85	83	10	
85	41	1	
85	132	1	
85	207	1	
85	261	1	
85	319	75	
85	138	9	
85	52	70	
85	52	71	
85	289	3	
85	289	6	
85	289	2	
85	289	10	
85	361	1	
85	139	583	
85	140	588	
85	141	589	
85	330	1	
85	334	1	
85	337	1	
85	347	2108	
85	348	8	
85	349	2116	
85	353	19	
85	314	215	
85	314	216	
85	314	607	
85	314	2787	
85	314	3079	
85	314	3081	
85	314	3082	
85	314	3416	
86	275	1	
86	95	729	
86	90	730	
86	91	721	
86	92	20	
86	93	1545	
86	94	15	
86	74	730	
86	76	721	
86	80	20	
86	77	722	
86	81	10	
86	75	731	
86	78	727	
86	82	10	
86	171	2894	
86	173	2893	
86	177	10	
86	174	2893	
86	178	5	
86	172	2894	
86	175	2893	
86	179	10	
86	176	2896	
86	180	8	
86	186	2894	
86	186	2892	
86	186	2895	
86	187	2893	
86	187	2896	
86	139	933	
86	140	936	
86	141	935	
86	131	1	
86	132	1	
86	169	1	
86	58	-1	
86	207	1	
86	288	100	
86	319	75	
86	337	2	
86	332	1	
86	138	14	
86	52	102	
86	52	104	
86	52	105	
86	52	103	
86	289	6	
86	289	10	
86	347	721	
86	348	15	
86	349	730	
86	366	2893	
86	367	10	
86	368	2894	
86	270	82	
86	270	83	
86	351	1	
86	354	11	
86	353	12	
86	314	603	
87	95	1771	
87	90	792	
87	91	794	
87	92	15	
87	93	797	
87	94	15	
87	74	792	
87	76	794	
87	80	10	
87	77	797	
87	81	10	
87	84	938	
87	85	5	
87	75	1710	
87	78	939	
87	82	10	
87	364	1	
87	138	15	
87	52	52	
87	52	130	
87	289	4	
87	289	10	
87	139	942	
87	140	943	
87	141	944	
87	353	14	
87	354	1	
87	347	797	
87	348	8	
87	349	1895	
87	314	1345	
87	314	3088	
89	275	1	
89	95	1257	
89	90	1249	
89	91	1238	
89	92	15	
89	93	1239	
89	94	10	
89	74	1249	
89	76	1238	
89	80	20	
89	77	1239	
89	81	5	
89	75	1251	
89	78	1240	
89	82	15	
89	171	2102	
89	173	2101	
89	177	8	
89	172	2102	
89	175	2103	
89	179	8	
89	299	1254	
89	299	1255	
89	138	15	
89	52	92	
89	52	93	
89	289	4	
89	289	10	
89	186	2102	
89	186	2104	
89	187	2101	
89	187	2103	
89	198	50	
89	139	1579	
89	140	1580	
89	141	1915	
89	347	1239	
89	348	8	
89	349	1249	
89	366	2101	
89	367	10	
89	368	2102	
89	351	2	
89	314	1339	
89	314	1345	
89	314	2979	
89	314	3072	
89	314	3073	
90	274	2	
90	311	10	
90	312	10	
90	372	10	
90	95	1448	
90	90	1445	
90	91	1447	
90	92	15	
90	93	1355	
90	94	10	
90	74	1445	
90	76	1447	
90	80	10	
90	77	1355	
90	81	10	
90	75	1446	
90	78	1354	
90	82	20	
90	233	1352	
90	234	10	
90	138	32	
90	52	107	
90	52	108	
90	289	10	
90	139	2530	
90	340	607	
90	340	281	
90	347	1675	
90	348	8	
90	349	1445	
90	270	81	
90	270	44	
90	314	550	
90	314	1581	
90	314	2503	
90	314	2955	
91	274	1	
91	279	64	
91	95	1091	
91	90	992	
91	91	984	
91	92	15	
91	93	985	
91	94	10	
91	74	992	
91	76	984	
91	80	10	
91	77	985	
91	81	10	
91	75	1091	
91	78	1090	
91	82	15	
91	132	1	
91	58	-2	
91	207	1	
91	200	1	
91	338	1	
91	138	0	
91	52	38	
91	52	76	
91	52	39	
91	170	1	
91	359	1	
91	360	1	
91	289	7	
91	289	10	
91	139	581	
91	140	867	
91	141	1968	
91	347	1090	
91	348	6	
91	349	992	
91	314	120	
91	314	216	
91	314	486	
91	314	1025	
91	314	2792	
92	279	4194320	
92	95	2595	
92	90	418	
92	91	2594	
92	92	15	
92	93	2574	
92	94	10	
92	74	418	
92	76	2571	
92	80	10	
92	77	2594	
92	81	10	
92	75	951	
92	78	420	
92	82	10	
92	79	2574	
92	83	10	
92	139	556	
92	140	557	
92	58	1	
92	339	1	
92	270	43	
92	138	7	
92	52	40	
92	52	41	
92	289	8	
92	289	5	
92	289	10	
92	347	2593	
92	348	10	
92	349	418	
92	314	509	
92	314	2552	
92	314	2789	
93	279	64	
93	379	1	
93	95	502	
93	90	163	
93	91	167	
93	92	15	
93	93	166	
93	94	10	
93	74	163	
93	76	168	
93	80	10	
93	77	166	
93	81	20	
93	75	162	
93	78	165	
93	82	10	
93	79	166	
93	83	10	
93	300	1094	
93	139	380	
93	140	864	
93	141	1660	
93	58	-2	
93	210	1	
93	123	1	
93	125	1	
93	197	1	
93	340	424	
93	138	5	
93	52	63	
93	52	12	
93	289	7	
93	289	10	
93	198	50	
93	340	571	
93	347	503	
93	348	2	
93	347	167	
93	348	4	
93	349	162	
93	315	320	
93	314	1349	
93	314	2205	
93	314	2445	
93	314	2793	
94	279	128	
94	95	430	
94	90	699	
94	91	229	
94	92	15	
94	93	228	
94	94	15	
94	74	699	
94	76	229	
94	80	10	
94	77	697	
94	81	5	
94	84	239	
94	85	10	
94	75	701	
94	78	228	
94	82	10	
94	79	698	
94	83	5	
94	124	1	
94	340	422	
94	340	479	
94	149	540	
94	139	770	
94	140	614	
94	141	611	
94	133	200	
94	138	10	
94	52	49	
94	289	3	
94	289	10	
94	347	2478	
94	348	8	
94	349	2154	
94	351	2	
94	314	138	
94	314	979	
94	314	1343	
94	314	2783	
94	314	2977	
95	95	426	
95	90	2150	
95	91	142	
95	92	12	
95	93	143	
95	94	10	
95	74	422	
95	76	142	
95	80	15	
95	77	143	
95	81	10	
95	75	263	
95	78	144	
95	82	15	
95	139	544	
95	140	590	
95	132	1	
95	58	1	
95	261	1	
95	319	25	
95	138	11	
95	52	58	
95	289	1	
95	289	10	
95	347	2148	
95	348	10	
95	349	2150	
95	314	1098	
96	95	426	
96	90	839	
96	91	837	
96	92	10	
96	93	276	
96	94	8	
96	74	839	
96	76	837	
96	80	10	
96	77	838	
96	81	15	
96	75	274	
96	78	276	
96	82	5	
96	139	1382	
96	140	3439	
96	141	3440	
96	142	3441	
96	138	12	
96	52	47	
96	58	1	
96	289	1	
96	289	10	
96	198	50	
96	347	300	
96	348	3	
96	349	437	
96	353	18	
96	354	15	
96	314	500	
96	314	643	
96	314	644	
96	314	645	
96	314	1229	
97	95	3099	
97	90	1918	
97	91	1931	
97	92	15	
97	93	1928	
97	94	15	
97	74	1918	
97	76	1929	
97	80	10	
97	77	1931	
97	81	10	
97	84	1928	
97	85	10	
97	75	1917	
97	78	1930	
97	82	10	
97	79	1926	
97	83	10	
97	58	2	
97	138	4	
97	52	140	
97	52	141	
97	289	1	
97	289	10	
97	139	1958	
97	140	1959	
97	141	1962	
97	149	1957	
97	347	1931	
97	348	12	
97	349	1918	
97	314	1561	
97	314	3086	
98	279	128	
98	95	1119	
98	90	1135	
98	91	1120	
98	92	20	
98	93	1122	
98	94	20	
98	74	1127	
98	76	1118	
98	80	20	
98	77	1121	
98	81	10	
98	84	1125	
98	85	10	
98	75	1135	
98	78	1133	
98	82	10	
98	294	1118	
98	294	1120	
98	294	1121	
98	294	1122	
98	295	1127	
98	302	1318	
98	303	2476	
98	58	-2	
98	138	16	
98	52	96	
98	52	97	
98	289	8	
98	289	10	
98	198	50	
98	319	25	
98	270	77	
98	347	1131	
98	348	2	
98	347	1123	
98	348	6	
98	347	1120	
98	348	4	
98	347	1118	
98	348	4	
98	349	1135	
98	314	1344	
98	314	2202	
98	314	2466	
98	314	2549	
99	95	1995	
99	90	2002	
99	91	1993	
99	92	15	
99	93	1992	
99	94	10	
99	74	2002	
99	76	1993	
99	80	10	
99	77	1992	
99	81	10	
99	75	1984	
99	78	1989	
99	82	10	
99	139	2070	
99	149	1985	
99	58	-1	
99	132	1	
99	133	800	
99	207	1	
99	319	25	
99	138	29	
99	52	142	
99	52	143	
99	289	5	
99	289	10	
99	347	1994	
99	348	10	
99	349	2002	
99	353	18	
99	354	15	
99	314	120	
99	314	1025	
99	314	2082	
99	314	2462	
100	279	4194384	
100	95	2595	
100	90	2597	
100	91	2580	
100	92	10	
100	93	2581	
100	94	10	
100	74	2596	
100	76	2579	
100	80	20	
100	77	2580	
100	81	20	
100	75	2588	
100	78	2589	
100	82	10	
100	79	2581	
100	83	10	
100	139	2639	
100	309	1	
100	313	2562	
100	319	25	
100	270	43	
100	138	27	
100	133	800	
100	308	0	
100	52	170	
100	52	171	
100	289	8	
100	289	5	
100	289	10	
100	347	2589	
100	348	10	
100	349	2596	
100	314	486	
100	314	509	
100	314	2608	
100	314	2610	
100	314	2611	
100	314	2627	
100	314	2788	
101	275	1	
101	379	1	
101	274	1	
101	311	10	
101	312	10	
101	372	10	
101	279	4224	
101	95	2748	
101	90	2782	
101	91	2742	
101	92	10	
101	93	2741	
101	94	10	
101	74	2782	
101	76	2738	
101	80	10	
101	77	2741	
101	81	10	
101	75	2675	
101	78	2742	
101	82	20	
101	171	2891	
101	173	2889	
101	177	10	
101	174	2890	
101	178	5	
101	172	2748	
101	175	2890	
101	179	10	
101	294	2738	
101	294	2739	
101	295	2782	
101	295	2751	
101	302	2738	
101	302	2739	
101	303	2782	
101	303	2750	
101	186	2891	
101	186	2748	
101	187	2889	
101	187	2890	
101	139	2763	
101	132	1	
101	58	-1	
101	207	1	
101	138	14	
101	52	180	
101	52	181	
101	289	6	
101	289	10	
101	347	2744	
101	348	10	
101	349	2782	
101	366	2889	
101	367	10	
101	368	2891	
101	270	93	
101	351	1	
101	314	604	
101	314	2755	
101	314	2756	
101	314	3192	
102	289	3	
102	37	5	
102	95	3218	
102	90	3217	
102	91	3213	
102	92	10	
102	93	3211	
102	94	10	
102	74	3217	
102	76	3213	
102	80	10	
102	77	3211	
102	81	10	
102	75	3223	
102	78	3212	
102	82	10	
102	138	2	
102	52	203	
102	52	204	
102	347	3212	
102	348	5	
102	349	3217	
102	351	3	
102	353	18	
102	139	3231	
102	273	101	
102	314	3121	
102	314	2463	
102	314	3124	
103	95	3414	
103	90	3410	
103	91	3403	
103	92	12	
103	93	3401	
103	94	12	
103	74	3410	
103	76	3417	
103	80	20	
103	77	3401	
103	81	15	
103	75	3411	
103	78	3412	
103	82	20	
103	294	3401	
103	294	3402	
103	294	3417	
103	294	3418	
103	294	3401	
103	295	3407	
103	295	3435	
103	387	250	
103	139	586	
103	138	12	
103	52	213	
103	58	2	
103	46	1	
103	289	1	
103	289	10	
103	198	50	
103	351	2	
103	347	3412	
103	348	8	
103	349	3410	
103	314	500	
103	314	643	
103	314	644	
103	314	645	
103	314	1229	
106	185	3	
106	275	1	
106	261	1	
106	379	1	
106	95	1631	
106	90	1632	
106	91	1617	
106	92	15	
106	93	1625	
106	94	10	
106	74	1632	
106	76	1617	
106	80	10	
106	77	1625	
106	81	10	
106	75	1633	
106	78	1626	
106	82	10	
106	79	1627	
106	83	5	
106	171	441	
106	173	110	
106	177	10	
106	174	111	
106	178	10	
106	172	2084	
106	175	110	
106	179	10	
106	176	107	
106	180	10	
106	139	1634	
106	140	2085	
106	58	2	
106	138	2	
106	52	126	
106	289	10	
106	186	207	
106	186	2088	
106	186	2083	
106	186	2084	
106	187	111	
106	187	107	
106	187	1621	
106	187	2087	
106	198	50	
106	347	1617	
106	348	6	
106	349	1632	
106	366	1621	
106	367	10	
106	368	207	
106	353	23	
106	356	20	
106	314	265	
106	314	2852	
106	314	2853	
107	293	1	
107	275	1	
107	167	1	
107	35	5	
107	168	10	
107	157	1	
107	279	2048	
107	289	9	
107	95	432	
107	90	445	
107	91	337	
107	92	20	
107	93	335	
107	94	10	
107	74	445	
107	76	337	
107	80	20	
107	77	335	
107	81	10	
107	75	333	
107	78	336	
107	82	10	
107	79	425	
107	83	5	
107	171	445	
107	173	337	
107	177	20	
107	174	335	
107	178	10	
107	172	333	
107	175	336	
107	179	10	
107	176	425	
107	180	5	
107	58	0	
107	138	13	
107	52	164	
107	52	45	
107	139	560	
107	140	660	
107	158	443	
107	159	2470	
107	160	970	
107	161	971	
107	162	972	
107	163	1563	
107	366	407	
107	367	2	
107	366	1524	
107	367	4	
107	368	445	
107	314	546	
107	314	652	
107	314	2855	
107	314	2980	
107	314	3054	
107	314	3396	
108	185	3	
108	275	1	
108	289	3	
108	289	7	
108	289	10	
108	289	9	
108	379	1	
108	95	3029	
108	90	3027	
108	91	3019	
108	92	10	
108	93	3023	
108	94	8	
108	74	3025	
108	76	3024	
108	80	15	
108	77	3031	
108	81	8	
108	75	3024	
108	78	3019	
108	82	15	
108	176	3021	
108	180	10	
108	171	3027	
108	173	3013	
108	177	15	
108	174	3014	
108	178	10	
108	172	3050	
108	175	3015	
108	179	10	
108	176	3030	
108	180	10	
108	187	3013	
108	187	3014	
108	187	3015	
108	187	3016	
108	187	3019	
108	187	3023	
108	186	3029	
108	186	3017	
108	186	3027	
108	186	3050	
108	186	3038	
108	186	3035	
108	186	3033	
108	58	-1	
108	138	2	
108	52	161	
108	52	193	
108	198	50	
108	139	3175	
108	140	3176	
108	366	3031	
108	367	10	
108	368	3027	
108	347	3031	
108	348	10	
108	349	3027	
108	315	1371	
108	314	387	
108	314	961	
108	314	1232	
108	314	1233	
108	314	1342	
108	314	2446	
108	314	2792	
108	314	2851	
108	314	3053	
108	314	3368	
